Saved Date,Job Url,Job Title,Company Name
"3/26/18, 2:20 PM",http://www.linkedin.com/jobs/view/589772686,Product Management,PayPal
"9/9/24, 3:41 PM",http://www.linkedin.com/jobs/view/3927527476,Principal Product Manager,Dandy
"6/10/24, 6:30 AM",http://www.linkedin.com/jobs/view/3937221198,"Vice President, Product",BitPay
"2/9/17, 8:54 AM",http://www.linkedin.com/jobs/view/239150249,Product Manager - Alexa Voice Service,Amazon
"2/6/15, 11:28 AM",http://www.linkedin.com/jobs/view/29446610,Payments Licensing Manager,Airbnb
"4/4/15, 7:53 AM",http://www.linkedin.com/jobs/view/26933280,Sr. Manager/Director of Growth Acquisition Marketing,NerdWallet
"7/24/24, 1:57 AM",http://www.linkedin.com/jobs/view/3958170210,"Director, Product Management: Mobile and Web Experience",Netflix
"7/8/24, 7:51 AM",http://www.linkedin.com/jobs/view/3930828401,"Director, Product Management",TaxAct
"4/4/15, 7:55 AM",http://www.linkedin.com/jobs/view/43007905,"Director, Product Marketing, Developer",Good Powered by BlackBerry
"5/25/18, 7:49 AM",http://www.linkedin.com/jobs/view/603568767,"Head of Product, Marketplace",Eventbrite
"1/12/13, 9:44 AM",http://www.linkedin.com/jobs/view/4541333,Director/Senior Director of Product Management,Korbyt
"5/2/18, 3:30 PM",http://www.linkedin.com/jobs/view/574651118,Director of Product Management,PredictSpring
"8/27/14, 3:18 AM",http://www.linkedin.com/jobs/view/18896478,Manager of Mobile Product Strategy (Sam's Club),@WalmartLabs Mobile
"9/11/24, 11:41 AM",http://www.linkedin.com/jobs/view/3871519206,VP of Product,Wonders
"3/14/15, 9:41 AM",http://www.linkedin.com/jobs/view/50520360,"Sr. Manager/Director, Product Marketing",SpaceTime Insight
"7/24/12, 12:28 PM",http://www.linkedin.com/jobs/view/3072979,"Product Marketing Manager, Enterprise Web Analytics and Optimization",Google
"9/19/12, 9:04 AM",http://www.linkedin.com/jobs/view/3755074,WEB SERVICES SUPPORT ENGINEER,Brain Gain Recruiting - hiring for a leading financial software fiem
"6/13/18, 12:59 PM",http://www.linkedin.com/jobs/view/693602918,Lead Product Manager,PayPal
"10/21/16, 10:25 PM",http://www.linkedin.com/jobs/view/224433397,"Director of Product Management, Strategy",Lookout
"8/27/14, 3:13 AM",http://www.linkedin.com/jobs/view/17139039,"Product Manager, Aster (Big Data/DWH/Analytics)",Teradata
"6/5/24, 12:23 PM",http://www.linkedin.com/jobs/view/3913667044,Director of Product,Attain
"1/16/13, 9:58 AM",http://www.linkedin.com/jobs/view/3712861,Product Manager - 2013 MBA Grad,LinkedIn
"8/26/21, 9:29 AM",http://www.linkedin.com/jobs/view/2691313011,Growth Product Manager - [Remote] - [United States],Crisp
"6/6/14, 12:27 AM",http://www.linkedin.com/jobs/view/12677170,"Senior Manager of Business Development, Revenue",Yelp
"8/20/21, 9:02 PM",http://www.linkedin.com/jobs/view/2667176529,"Director of Product, Consumer",Skillz
"5/29/18, 5:40 AM",http://www.linkedin.com/jobs/view/666121826,"Sr. Product Manager, Associate Director, Marketing",Greenwich Biosciences
"3/11/15, 11:54 PM",http://www.linkedin.com/jobs/view/31095615,Sr. Product Manager - Platform,GoodData
"10/12/16, 10:31 PM",http://www.linkedin.com/jobs/view/197686229,"Director, Product Management, Mobile App (macys.com)",Macy's
"11/6/17, 9:18 PM",http://www.linkedin.com/jobs/view/435405544,Vice President of Product,Trulia
"5/7/18, 10:32 AM",http://www.linkedin.com/jobs/view/644008408,"Head of Product, Marketing Solutions",PayPal
"4/21/18, 10:42 AM",http://www.linkedin.com/jobs/view/613968037,"Sr. Product Manager Technical, Shopping on TV",Amazon
"8/20/21, 8:03 PM",http://www.linkedin.com/jobs/view/2685263649,"Director, Product - Soft Goods",Callaway Golf
"4/23/18, 8:16 AM",http://www.linkedin.com/jobs/view/626315799,Product Manager-Health,Apple
"7/1/24, 9:37 PM",http://www.linkedin.com/jobs/view/3880268201,"Product Manager, Cards Vault",Stripe
"7/24/12, 12:28 PM",http://www.linkedin.com/jobs/view/3256087,"Product Marketing Manager, Customer Acquisition, Google Offers",Google
"2/9/17, 9:00 AM",http://www.linkedin.com/jobs/view/218884716,"Director of Product Innovation, Signup & Payment",Netflix
"2/28/13, 1:55 PM",http://www.linkedin.com/jobs/view/4356586,Manager of CRM Business Intelligence ,Gap Inc./GID
"7/18/24, 1:46 AM",http://www.linkedin.com/jobs/view/3937079277,,
"8/27/14, 3:13 AM",http://www.linkedin.com/jobs/view/13631247,Marketing & Web Analytics Manager,Glassdoor
"8/31/21, 7:52 PM",http://www.linkedin.com/jobs/view/2698701812,Senior Product Manager,Resmed
"6/13/18, 12:59 PM",http://www.linkedin.com/jobs/view/723712599,"Product Manager, Mobile Growth",Expedia Group
"6/10/24, 2:43 PM",http://www.linkedin.com/jobs/view/3942538653,Product Manager,Netflix
"2/6/15, 11:28 AM",http://www.linkedin.com/jobs/view/21726119,Senior Product Manager - Payments & Checkout,BigCommerce
"8/19/21, 8:59 PM",http://www.linkedin.com/jobs/view/2684245697,"Associate Director/Sr. Manager, Product Management On Market Portfolio",Illumina
"3/11/15, 11:50 PM",http://www.linkedin.com/jobs/view/35980369,Principal Product Manager Cart & Checkout,Walmart eCommerce
"2/28/13, 1:55 PM",http://www.linkedin.com/jobs/view/4706044,Senior Product Manager - E-commerce Order Fulfillment,Gap Inc./GID
"9/15/21, 8:35 PM",http://www.linkedin.com/jobs/view/2715592753,"Sr. Product Manager, New/Emerging Markets",Amazon
"10/1/12, 10:12 AM",http://www.linkedin.com/jobs/view/3745667,VP of Business Development,Jump Associates
"4/1/18, 12:49 PM",http://www.linkedin.com/jobs/view/603523759,"Director, Product Management - Software",Illumina
"7/30/24, 9:07 AM",http://www.linkedin.com/jobs/view/3913903792,"Senior Product Manager, Product Led Growth",BetterUp
"3/11/15, 11:53 PM",http://www.linkedin.com/jobs/view/35940214,Director Product Management - Artist Experience,Pandora
"8/20/21, 8:03 PM",http://www.linkedin.com/jobs/view/2651846704,"VP, Product Experience",Centro
"8/4/21, 10:00 PM",http://www.linkedin.com/jobs/view/2613428642,"Director, Product Management",CNN
"4/1/18, 12:50 PM",http://www.linkedin.com/jobs/view/543235372,Sr. Product Manager,Amazon
"2/9/17, 8:59 AM",http://www.linkedin.com/jobs/view/251418741,"Sr. Product Manager, eCommerce Innovation",Unilever
"7/24/12, 12:09 PM",http://www.linkedin.com/jobs/view/3166875,"Product Marketing Manager, Co Marketing Business Development",Google
"3/28/18, 3:09 PM",http://www.linkedin.com/jobs/view/561623363,Product Manager - Host,Airbnb
"5/9/18, 7:56 AM",http://www.linkedin.com/jobs/view/629672648,Head of Product,Copia
"9/27/12, 1:29 PM",http://www.linkedin.com/jobs/view/3348084,Director of Product Management-Wireless Communications,AOptix Technologies
"4/21/18, 10:45 AM",http://www.linkedin.com/jobs/view/604047420,Sr. Product Manager (Amazon Music),Amazon
"7/24/24, 5:13 PM",http://www.linkedin.com/jobs/view/3834932546,"Senior Director, Marketplace Product - Rentals",Zillow
"11/21/16, 9:23 PM",http://www.linkedin.com/jobs/view/209123188,"Director of Product Marketing, New Mobility",Ridecell
"7/9/24, 1:18 PM",http://www.linkedin.com/jobs/view/3932688748,"Group Product Manager, Customer Journey",ServiceTitan
"5/28/14, 9:15 PM",http://www.linkedin.com/jobs/view/13653958,"Manager, Corporate Strategy",Pandora
"4/23/18, 8:25 AM",http://www.linkedin.com/jobs/view/623215638,Director of Product Management (Customer Engagement Platform),PlayStation
"3/10/14, 7:14 AM",http://www.linkedin.com/jobs/view/11575714,Director of Analytics,Coursera
"10/12/16, 10:34 PM",http://www.linkedin.com/jobs/view/197120822,VP of Product Management - Consumer eCommerce,Ingenio
"7/24/12, 2:48 PM",http://www.linkedin.com/jobs/view/3210559,Product Manager at LinkedIn,LinkedIn
"5/2/21, 4:42 PM",http://www.linkedin.com/jobs/view/2473918601,"Sr. Product Manager, New/Emerging Markets",Amazon
"8/20/21, 8:04 PM",http://www.linkedin.com/jobs/view/2685912409,"Product Manager, Rider Growth (Rideshare)",Lyft
"2/9/17, 8:59 AM",http://www.linkedin.com/jobs/view/238664364,Digital Marketing Manager,Château de Pommard
"1/16/13, 2:55 PM",http://www.linkedin.com/jobs/view/4469682,Senior Product Manager   - Online Products (JM),Confidential
"12/10/24, 7:50 PM",http://www.linkedin.com/jobs/view/3931500738,"Product Manager, Leader",Meta
"3/26/18, 2:09 PM",http://www.linkedin.com/jobs/view/582808510,"Product Manager, Verticals (Healthcare, Financial Services, Cloud for Marketing), Google Cloud Platform",Google
"6/19/24, 2:19 AM",http://www.linkedin.com/jobs/view/3919025189,"Principal Product Manager, Web Experience",Zendesk
"7/9/24, 8:33 PM",http://www.linkedin.com/jobs/view/3930783489,"Senior Product Manager, Channels (Notifications, Core Growth)","Reddit, Inc."
"5/22/14, 10:12 PM",http://www.linkedin.com/jobs/view/14004603,Director of Debt,Credit Karma
"8/20/21, 9:09 PM",http://www.linkedin.com/jobs/view/2650410011,"Director, Product Partnerships",Cardlytics
"7/18/24, 1:55 PM",http://www.linkedin.com/jobs/view/3959604069,"Product Manager, Personalization",Airbnb
"10/19/16, 10:26 PM",http://www.linkedin.com/jobs/view/204966007,"Director, eCommerce Product Marketing",Blackhawk Network
"2/6/15, 11:27 AM",http://www.linkedin.com/jobs/view/18722380,Senior Product Marketing Manager,Sage
"4/6/18, 9:51 AM",http://www.linkedin.com/jobs/view/613536992,"Director, Product Management",Walmart eCommerce
"7/3/24, 5:31 PM",http://www.linkedin.com/jobs/view/3962012556,Principal Product Manager,Zillow
"7/24/12, 12:28 PM",http://www.linkedin.com/jobs/view/3081777,"Product Marketing Manager, B2B Advertising Websites",Google
"5/2/18, 12:12 PM",http://www.linkedin.com/jobs/view/638286474,Product Manager,Apple
"7/21/16, 12:43 PM",http://www.linkedin.com/jobs/view/124736410,VP of Product Marketing,Ticketmaster
"7/16/24, 1:25 PM",http://www.linkedin.com/jobs/view/3910561283,Lead Product Manager,Docusign
"7/31/21, 2:30 PM",http://www.linkedin.com/jobs/view/2657807739,"Director, Product Growth, Data Governance",Egnyte
"10/12/16, 10:31 PM",http://www.linkedin.com/jobs/view/199320833,"Director, Product Marketing",GoDaddy
"6/8/24, 9:15 PM",http://www.linkedin.com/jobs/view/3941286499,Director of Product,Jobot
"11/21/16, 9:22 PM",http://www.linkedin.com/jobs/view/210195699,Product Marketing Director,Rovi Corporation (now TiVo)
"9/27/12, 1:31 PM",http://www.linkedin.com/jobs/view/3272526,Director & General Manager of Gifts & Décor,Shutterfly
"3/11/15, 11:50 PM",http://www.linkedin.com/jobs/view/31004904,"Director, Product Management",CoreLogic
"8/21/21, 1:12 PM",http://www.linkedin.com/jobs/view/2686642650,"Senior Product Manager, Growth (Subscriptions & Acquisitions)",Strava
"7/24/12, 10:44 AM",http://www.linkedin.com/jobs/view/3295851,Corporate Strategy Manager,Yahoo
"6/11/24, 3:35 PM",http://www.linkedin.com/jobs/view/3879308072,"Head of Product, Growth",Linktree
"8/20/21, 8:04 PM",http://www.linkedin.com/jobs/view/2483693153,"Director of Product Management, Classification Products",DoubleVerify
"9/20/15, 2:55 PM",http://www.linkedin.com/jobs/view/65636988,"Vice President Product Management, Consumer Platforms","YP, The Real Yellow Pages®"
"5/15/14, 10:43 PM",http://www.linkedin.com/jobs/view/13359225,Director Client Analytics,Ten-X
"7/10/24, 3:12 PM",http://www.linkedin.com/jobs/view/3941724728,"Head of Product, Growth",Square
"10/12/16, 10:26 PM",http://www.linkedin.com/jobs/view/213796254,"Global Director Product Management, Mobile",McDonald's
"1/16/13, 10:01 PM",http://www.linkedin.com/jobs/view/4575200,Americas Sales Strategy/Ops Lead,Google
"4/23/18, 8:41 AM",http://www.linkedin.com/jobs/view/619845382,"Digital Product Manager, Consumer Mobile",Blue Shield of California
"9/12/21, 11:14 AM",http://www.linkedin.com/jobs/view/2712281178,Group Product Manager,San Diego Gas & Electric
"8/27/14, 3:16 AM",http://www.linkedin.com/jobs/view/17759029,Sr. Mgr Product,Expedia Group
"4/4/15, 7:51 AM",http://www.linkedin.com/jobs/view/40006649,Sr. Director-Consumer Prepaid Product Strategy & Development,Visa
"8/29/24, 11:20 AM",http://www.linkedin.com/jobs/view/3941688611,,
"7/24/12, 12:08 PM",http://www.linkedin.com/jobs/view/3256076,Corporate Development Manager,Google
"8/20/21, 8:03 PM",http://www.linkedin.com/jobs/view/2685914190,"Director, Product",Lyft
"4/4/15, 7:56 AM",http://www.linkedin.com/jobs/view/40090678,"Director, Product Management, Capital One Labs (DC, NY, SF)",Capital One
"7/24/12, 12:08 PM",http://www.linkedin.com/jobs/view/3256066,Acquisition Integration Manager,Google
"2/11/13, 3:15 AM",http://www.linkedin.com/jobs/view/4517571,"Director, DC-IP Software Product Management",Brocade
"3/15/18, 10:55 AM",http://www.linkedin.com/jobs/view/537777526,"Director of Product Marketing, Premium Software and Services",Fitbit (now part of Google)
"4/2/18, 3:42 PM",http://www.linkedin.com/jobs/view/642707566,Product Manager - Analytics Data Platform (P),Teradata
"7/24/12, 2:17 PM",http://www.linkedin.com/jobs/view/3273699,"Senior Product Marketing Manager, Developer Marketing",LinkedIn
"5/22/18, 9:39 PM",http://www.linkedin.com/jobs/view/666127356,Director of Product Management,Stitch Fix
"3/19/18, 12:16 PM",http://www.linkedin.com/jobs/view/586274678,Director - Product Management,Capital One
"2/6/25, 9:48 AM",http://www.linkedin.com/jobs/view/3936771217,Product Management,Shopify
"11/6/17, 9:18 PM",http://www.linkedin.com/jobs/view/435413178,Director of Product Management,Rally Health
"8/4/21, 9:57 PM",http://www.linkedin.com/jobs/view/2657343085,Director of Product Management,Secfi
"10/1/12, 10:13 AM",http://www.linkedin.com/jobs/view/3833772,Director of Product Management - Ads/Media,MyBuys
"11/21/16, 12:44 PM",http://www.linkedin.com/jobs/view/237522673,Director of Product Marketing,Federated Wireless
"10/4/12, 10:56 PM",http://www.linkedin.com/jobs/view/3861089,Product Marketing Manager ,Groupon
"3/14/15, 9:42 AM",http://www.linkedin.com/jobs/view/28686756,"Product Marketing Manager, Marketplace",Houzz
"3/14/14, 10:24 PM",http://www.linkedin.com/jobs/view/11670345,Director of Product Marketing - Business Analytics,Splunk
