Question,Answer
Photo, -1777731926.jpg
How many years of work experience do you have with Brand Development?,3
How many years of work experience do you have with Linux Server?,0
How many years of work experience do you have with Strategy?,10
How many years of MRKT experience do you currently have?,10
How many years of urn:li:industry:43 experience do you currently have?,3
Cover letter,
How many years of work experience do you have with SQL?,10
How many years of urn:li:industry:4 experience do you currently have?,20
How many years of work experience do you have with Healthcare Industry?,6
We must fill this position urgently. Can you start immediately?,Yes
How many years of work experience do you have with Point of Sale (POS) Systems?,3
Have you completed the following level of education: Master's Degree?,Yes
How many years of work experience do you have with Custom Software Development?,25
How many years of work experience do you have with Product Development?,15
Are you legally authorized to work in the United States?,Yes
Race/Ethnicity,Hispanic or Latino
How many years of work experience do you have with Continuous Improvement?,20
How many years of work experience do you have with Google Analytics?,5
Description,
How many years of work experience do you have with Atlassian Suite?,7
Major / Field of study,
How many years of urn:li:industry:44 experience do you currently have?,1
How many years of work experience do you have with Windows?,15
How many years of urn:li:industry:69 experience do you currently have?,1
How many years of work experience do you have with Communication?,25
How many years of work experience do you have with Content Management Systems (CMS)?,4
How many years of work experience do you have with Strategic Thinking?,15
How many years of work experience do you have with Strategic Planning?,10
How many years of work experience do you have with Growth Marketing?,6
How many years of work experience do you have with Data Analysis?,15
How many years of work experience do you have with Paid Social Media Advertising?,2
Veteran status,NotProtectedVeteran
How many years of work experience do you have with Mac?,15
State / Province,
How many years of PRJM experience do you currently have?,5
How many years of work experience do you have with Microsoft PowerPoint?,15
Veteran status,OptOut
First name,
How many years of work experience do you have with E-Commerce?,10
How many years of work experience do you have with Concept to Launch?,10
How many years of work experience do you have with Facebook?,3
How many years of work experience do you have with Learning?,25
State,
<strong>Disability</strong>,No
How many years of work experience do you have with Fast Healthcare Interoperability Resources (FHIR)?,1
Gender,Male
How many years of work experience do you have with Cloud Computing?,5
Company,
How many years of work experience do you have with Growth Initiatives?,5
ZIP / Postal Code,
How many years of work experience do you have with Bloomberg?,0
Last name,
How many years of work experience do you have with Microsoft Products?,15
Please submit a resume or LinkedIn profile, -753761647.pdf
How many years of work experience do you have with Public Relations?,2
How many years of work experience do you have with Sales Growth?,5
Degree,
How many years of work experience do you have with New Media?,5
How many years of SUPL experience do you currently have?,3
How many years of work experience do you have with Technology Roadmapping?,15
How many years of work experience do you have with Paid Search Strategy?,3
<strong>Disability</strong>,"No, I don't have a disability"
How many years of work experience do you have with Adobe Experience Manager (AEM)?,2
How many years of work experience do you have with User Stories?,10
Your title,
How many years of urn:li:industry:19 experience do you currently have?,2
How many years of work experience do you have with Acquisition Campaigns?,4
How many years of work experience do you have with Business Understanding?,25
"Are you willing to undergo a background check, in accordance with local law/regulations?",Yes
Have you completed the following level of education: Master of Business Administration?,Yes
Are you comfortable working in an onsite setting?,Yes
How many years of work experience do you have with User Journeys?,6
How many years of work experience do you have with Software Product Management?,20
How many years of work experience do you have with Android?,3
How many years of work experience do you have with Customer Acquisition?,7
How many years of work experience do you have with Slack?,4
Have you completed the following level of education: Bachelor's Degree?,Yes
