First name,Middle name,Last name,Verification type,Organization name,Email address,Country,State,City,Year of birth,Issuing authority,Document type,Verification service provider,Verified date,Expiry date
N/A,N/A,N/A,Work Verification,Intuit,luis_calderon@intuit.com,N/A,N/A,N/A,N/A,N/A,N/A,N/A,2022-08-22,2024-06-19
N/A,N/A,N/A,Work Verification,eBay for Business,lucalderon@ebay.com,N/A,N/A,N/A,N/A,N/A,N/A,N/A,2013-04-18,2026-11-24
N/A,N/A,N/A,Education Verification,University of Virginia,lac5q@alumni.virginia.edu,N/A,N/A,N/A,N/A,N/A,N/A,N/A,2010-07-01,2025-12-17
N/A,N/A,N/A,Work Verification,Accenture,luis.calderon@accenture.com,N/A,N/A,N/A,N/A,N/A,N/A,N/A,2010-07-01,2025-12-17
N/A,N/A,N/A,Education Verification,University of Michigan - Stephen M. Ross School of Business,luiscald@umich.edu,N/A,N/A,N/A,N/A,N/A,N/A,N/A,2010-07-01,2025-12-17
